Precision,CPU-x86_64,GPU-NVIDIA-H100-80GB-HBM3
BF16,8.304791e-03,7.834945e-03
FP16,1.005891e-03,9.082873e-04
FP64,6.014521e-07,
